"","t.stat","p.value","-log10(p)","FDR"
"M830.837T11.111",-7.8382,0.001319,2.8798,0.042208
"M883.492T15.092",-5.6326,0.0052099,2.2832,0.083358
"M367.151T397.982",-4.7791,0.0094445,2.0248,0.10074
