"","t.stat","p.value","-log10(p)","FDR"
"M1094.782T12.105",-5.0589,0.0071863,2.1435,0.22996
"M991.807T13.109",-3.416,0.026878,1.5706,0.33557
"M830.837T11.111",-2.7847,0.04958,1.3047,0.33557
